Workbook

Sheet Executive Summary
A1: Automotive CAN Cybersecurity Home Lab
A4: The Scope - To simulate a small automotive CAN network with three ECUs (Engine ECU, Brake ECU, and Gateway ECU). The assessment focuses on establishing normal CAN communication, identifying suspicious or injected CAN messages using basic automated checks, and evaluating the resulting cybersecurity risk through a simplified Threat Analysis and Risk Assessment (TARA).
A10: Objective - To demonstrate how abnormal vehicle communication can be detected, assessed for potential safety and operational impact, and addressed through appropriate cyber controls.
A12: Step | B12: Phase | C12: What it means | F12: Home Lab CAN Count
A13: 1 | B13: Establish Baseline | C13: Approved & legitimate CAN IDs and normal signal values. | F13: Detection Category | G13: Count
A14: 2 | B14: Analyze Traffic | C14: Compare observed CAN traffic against the expected baseline. | F14: Normal Messages | G14: =COUNTIF('Detection Results'!H6:H1000,"NORMAL") -> 6
A15: 3 | B15: Detect Anomalies | C15: Flag unknown CAN IDs and abnormal signal values automatically. | F15: Abnormal Speed | G15: =COUNTIF('Detection Results'!H6:H1000,"ALERT - ABNORMAL SPEED") -> 1
A16: 4 | B16: Investigate | C16: Preserve the relevant message, timestamp, ECU, and detection reason. | F16: Unknown CAN ID | G16: =COUNTIF('Detection Results'!H6:H1000,"ALERT - UNKNOWN CAN ID") -> 1
A17: 5 | B17: Perform / Update TARA | C17: Assess asset, threat scenario, impact, attack feasibility, and risk.
A18: 6 | B18: Define Controls | C18: Recommend monitoring, authentication, freshness, allowlisting, and alerting.

Sheet Normal CAN Baseline
A1: Normal CAN Baseline
A3: Approved/expected CAN communication as per "can_message.csv" file.
A5: Timestamp | B5: CAN ID | C5: ECU | D5: Data | E5: Status
A6: 09:00:01 | B6: 0x100 | C6: Engine ECU | D6: Speed=60 | E6: NORMAL
A7: 09:00:02 | B7: 0x200 | C7: Brake ECU | D7: Brake=OFF | E7: NORMAL
A8: 09:00:03 | B8: 0x300 | C8: Gateway ECU | D8: Status=NORMAL | E8: NORMAL
A9: 09:00:04 | B9: 0x100 | C9: Engine ECU | D9: Speed=61 | E9: NORMAL
A10: 09:00:05 | B10: 0x200 | C10: Brake ECU | D10: Brake=OFF | E10: NORMAL
A11: 09:00:06 | B11: 0x300 | C11: Gateway ECU | D11: Status=NORMAL | E11: NORMAL

Sheet Attacked CAN Data
A1: Attacked / Injected CAN Data
A3: Observed CAN traffic containing the original baseline plus two simulated suspicious messages. (Ref - "attacked_can_messages.csv" file.)
A5: Timestamp | B5: CAN ID | C5: ECU | D5: Data | E5: Source Status
A6: 09:00:01 | B6: 0x100 | C6: Engine ECU | D6: Speed=60 | E6: NORMAL
A7: 09:00:02 | B7: 0x200 | C7: Brake ECU | D7: Brake=OFF | E7: NORMAL
A8: 09:00:03 | B8: 0x300 | C8: Gateway ECU | D8: Status=NORMAL | E8: NORMAL
A9: 09:00:04 | B9: 0x100 | C9: Engine ECU | D9: Speed=61 | E9: NORMAL
A10: 09:00:05 | B10: 0x200 | C10: Brake ECU | D10: Brake=OFF | E10: NORMAL
A11: 09:00:06 | B11: 0x300 | C11: Gateway ECU | D11: Status=NORMAL | E11: NORMAL
A12: 09:00:07 | B12: 0x100 | C12: Engine ECU | D12: Speed=250 | E12: NORMAL
A13: 09:00:08 | B13: 0x999 | C13: Unknown ECU | D13: Brake=OFF | E13: NORMAL

Sheet Detection Rules
A1: Detection Rules & Assumptions
A3: Simple home-lab rules used by the automated detection logic. Production thresholds should come from engineering specifications.
A5: Approved CAN ID | B5: Expected ECU
A6: 0x100 | B6: Engine ECU
A7: 0x200 | B7: Brake ECU
A8: 0x300 | B8: Gateway ECU
A10: Rule / Assumption | B10: Value
A11: Maximum Speed Threshold | B11: 120
A12: Critical anomaly monitoring | B12: Continuous / Near Real-Time
A13: Alert trend review | B13: Daily / Weekly
A14: TARA review trigger | B14: New threat, anomaly, vulnerability, or system change
A15: Risk scale | B15: Low / Medium / High

Sheet Detection Results
A1: Automated CAN Anomaly Detection
A3: Formula-based checks compare each observed message to the approved baseline and signal threshold.
A5: Timestamp | B5: CAN ID | C5: ECU | D5: Data | E5: Source Status | F5: CAN ID Check | G5: Signal Value Check | H5: Detection Result | I5: TARA Trigger
A6: 09:00:01 | B6: 0x100 | C6: Engine ECU | D6: Speed=60 | E6: NORMAL | F6: =IF(COUNTIF('Detection Rules'!$A$6:$A$8,B6)>0,"Approved","Unknown ID") -> Approved | G6: =IF(LEFT(D6,6)="Speed=",IF(VALUE(SUBSTITUTE(D6,"Speed=",""))>'Detection Rules'!$B$11,"Out of Range","Within Range"),"N/A") -> Within Range | H6: =IF(F6="Unknown ID","ALERT - UNKNOWN CAN ID",IF(G6="Out of Range","ALERT - ABNORMAL SPEED","NORMAL")) -> NORMAL | I6: =IF(H6="NORMAL","No","Yes") -> No
A7: 09:00:02 | B7: 0x200 | C7: Brake ECU | D7: Brake=OFF | E7: NORMAL | F7: =IF(COUNTIF('Detection Rules'!$A$6:$A$8,B7)>0,"Approved","Unknown ID") -> Approved | G7: =IF(LEFT(D7,6)="Speed=",IF(VALUE(SUBSTITUTE(D7,"Speed=",""))>'Detection Rules'!$B$11,"Out of Range","Within Range"),"N/A") -> N/A | H7: =IF(F7="Unknown ID","ALERT - UNKNOWN CAN ID",IF(G7="Out of Range","ALERT - ABNORMAL SPEED","NORMAL")) -> NORMAL | I7: =IF(H7="NORMAL","No","Yes") -> No
A8: 09:00:03 | B8: 0x300 | C8: Gateway ECU | D8: Status=NORMAL | E8: NORMAL | F8: =IF(COUNTIF('Detection Rules'!$A$6:$A$8,B8)>0,"Approved","Unknown ID") -> Approved | G8: =IF(LEFT(D8,6)="Speed=",IF(VALUE(SUBSTITUTE(D8,"Speed=",""))>'Detection Rules'!$B$11,"Out of Range","Within Range"),"N/A") -> N/A | H8: =IF(F8="Unknown ID","ALERT - UNKNOWN CAN ID",IF(G8="Out of Range","ALERT - ABNORMAL SPEED","NORMAL")) -> NORMAL | I8: =IF(H8="NORMAL","No","Yes") -> No
A9: 09:00:04 | B9: 0x100 | C9: Engine ECU | D9: Speed=61 | E9: NORMAL | F9: =IF(COUNTIF('Detection Rules'!$A$6:$A$8,B9)>0,"Approved","Unknown ID") -> Approved | G9: =IF(LEFT(D9,6)="Speed=",IF(VALUE(SUBSTITUTE(D9,"Speed=",""))>'Detection Rules'!$B$11,"Out of Range","Within Range"),"N/A") -> Within Range | H9: =IF(F9="Unknown ID","ALERT - UNKNOWN CAN ID",IF(G9="Out of Range","ALERT - ABNORMAL SPEED","NORMAL")) -> NORMAL | I9: =IF(H9="NORMAL","No","Yes") -> No
A10: 09:00:05 | B10: 0x200 | C10: Brake ECU | D10: Brake=OFF | E10: NORMAL | F10: =IF(COUNTIF('Detection Rules'!$A$6:$A$8,B10)>0,"Approved","Unknown ID") -> Approved | G10: =IF(LEFT(D10,6)="Speed=",IF(VALUE(SUBSTITUTE(D10,"Speed=",""))>'Detection Rules'!$B$11,"Out of Range","Within Range"),"N/A") -> N/A | H10: =IF(F10="Unknown ID","ALERT - UNKNOWN CAN ID",IF(G10="Out of Range","ALERT - ABNORMAL SPEED","NORMAL")) -> NORMAL | I10: =IF(H10="NORMAL","No","Yes") -> No
A11: 09:00:06 | B11: 0x300 | C11: Gateway ECU | D11: Status=NORMAL | E11: NORMAL | F11: =IF(COUNTIF('Detection Rules'!$A$6:$A$8,B11)>0,"Approved","Unknown ID") -> Approved | G11: =IF(LEFT(D11,6)="Speed=",IF(VALUE(SUBSTITUTE(D11,"Speed=",""))>'Detection Rules'!$B$11,"Out of Range","Within Range"),"N/A") -> N/A | H11: =IF(F11="Unknown ID","ALERT - UNKNOWN CAN ID",IF(G11="Out of Range","ALERT - ABNORMAL SPEED","NORMAL")) -> NORMAL | I11: =IF(H11="NORMAL","No","Yes") -> No
A12: 09:00:07 | B12: 0x100 | C12: Engine ECU | D12: Speed=250 | E12: NORMAL | F12: =IF(COUNTIF('Detection Rules'!$A$6:$A$8,B12)>0,"Approved","Unknown ID") -> Approved | G12: =IF(LEFT(D12,6)="Speed=",IF(VALUE(SUBSTITUTE(D12,"Speed=",""))>'Detection Rules'!$B$11,"Out of Range","Within Range"),"N/A") -> Out of Range | H12: =IF(F12="Unknown ID","ALERT - UNKNOWN CAN ID",IF(G12="Out of Range","ALERT - ABNORMAL SPEED","NORMAL")) -> ALERT - ABNORMAL SPEED | I12: =IF(H12="NORMAL","No","Yes") -> Yes
A13: 09:00:08 | B13: 0x999 | C13: Unknown ECU | D13: Brake=OFF | E13: NORMAL | F13: =IF(COUNTIF('Detection Rules'!$A$6:$A$8,B13)>0,"Approved","Unknown ID") -> Unknown ID | G13: =IF(LEFT(D13,6)="Speed=",IF(VALUE(SUBSTITUTE(D13,"Speed=",""))>'Detection Rules'!$B$11,"Out of Range","Within Range"),"N/A") -> N/A | H13: =IF(F13="Unknown ID","ALERT - UNKNOWN CAN ID",IF(G13="Out of Range","ALERT - ABNORMAL SPEED","NORMAL")) -> ALERT - UNKNOWN CAN ID | I13: =IF(H13="NORMAL","No","Yes") -> Yes

Sheet Risk Matrix
A1: Simplified Home-Lab Risk Matrix
A3: Training matrix only. Actual automotive programs may use a more detailed organizational / ISO/SAE 21434-aligned methodology.
B6: Impact \ Feasibility | C6: Low | D6: Medium | E6: High
B7: Low | C7: Low | D7: Low | E7: Medium
B8: Medium | C8: Low | D8: Medium | E8: High
B9: High | C9: Medium | D9: HIGH ← Home Lab | E9: High
B12: HOME LAB POSITION
B13: Impact | C13: High
B14: Attack Feasibility | C14: Medium
B15: Overall Risk | C15: High
B16: Risk Treatment | C16: Mitigate

Sheet TARA Assessment
A1: Simplified TARA – CAN Message Injection
A3: Training-oriented threat analysis based on the detected abnormal speed and unknown CAN ID.
A5: TARA Step | B5: Question | C5: Lab Assessment | D5: Evidence | E5: Rating | F5: Decision / Output
A6: 1. Define System | B6: What system is in scope? | C6: Simplified CAN network containing Engine, Brake, and Gateway ECUs. | D6: Normal CAN Baseline | E6: — | F6: CAN communication is the assessment scope.
A7: 2. Identify Assets | B7: What needs protection? | C7: Engine data, brake data, and the integrity/authenticity of CAN communication. | D7: 0x100 / 0x200 / 0x300 baseline | E7: High Importance | F7: Protect trusted vehicle communication.
A8: 3. Threat Scenario 1 | B8: What suspicious behavior occurred? | C8: A legitimate CAN ID (0x100) carried an abnormal Speed=250 value. | D8: 09:00:07 | 0x100 | Speed=250 | E8: High | F8: Potential data manipulation by threat actor
A9: 4. Threat Scenario 2 | B9: What suspicious behavior occurred? | C9: An unknown CAN ID (0x999) appeared with Brake=OFF. | D9: 09:00:08 | 0x999 | Brake=OFF | E9: High | F9: Potential unauthorized message injection.
A10: 5. Damage Scenario | B10: What could happen if trusted? | C10: Receiving ECUs could make decisions using incorrect vehicle information. | D10: Detected CAN anomalies | E10: High | F10: Potential operational / safety impact.
A11: 6. Attack Path | B11: How might the threat reach the system? | C11: Attacker gains unauthorized CAN baselines access, and injects a message | D11: Lab attack scenario | E11: Medium | F11: Investigate entry point and affected communication path.
A12: 7. Impact | B12: How serious is the consequence? | C12: Safety = High; Operational = High; Financial = Medium; Privacy = Low. | D12: Impact assessment | E12: High | F12: Safety and operational impact drive priority.
A13: 8. Overall Risk | B13: What is the resulting risk? | C13: High impact + Medium feasibility = High risk in this simplified matrix. | D13: Risk Matrix sheet | E13: HIGH | F13: CAN message injection risk should be mitigated immediately.
A14: 9. Cybersecurity Goals | B14: What must engineering achieve? | C14: Detect abnormal values and unknown IDs, strengthen trust, notify the responsible teams | D14: Security Controls sheet | E14: High Priority | F14: Implement and verify security controls.
A15: 10. Monitoring / Reassessment | B15: When should TARA be revisited? | C15: When new anomalies, vulnerabilities, attack paths, or system changes are identified. | D15: Detection + engineering changes | E15: Ongoing | F15: Update risk assessment and controls.

Sheet Security Controls
A1: Recommended Cybersecurity Controls
A3: Controls derived from the TARA. Some are implemented in this home lab and others represent production-oriented recommendations.
A5: Control ID | B5: Security Control | C5: Purpose | D5: Home Lab / Production Example | E5: Priority | F5: Status
A6: SC-01 | B6: CAN ID Allowlisting | C6: Detect unexpected CAN identifiers. | D6: Flag IDs not present in approved baseline. They are mentioned in a separate "attacked_can_messages" csv file | E6: High | F6: Implemented in Lab
A7: SC-02 | B7: Signal Plausibility Check | C7: Detect values outside expected engineering limits. | D7: Flag Speed=250 when lab threshold is 120. | E7: High | F7: Implemented in Lab
A8: SC-03 | B8: Message Authentication | C8: Help verify that protected messages come from an authorized sender. | D8: Use protected authenticated communication for security-sensitive signals. | E8: High | F8: Recommended
A9: SC-04 | B9: Network Monitoring / IDS | C9: Continuously monitor CAN behavior for anomalies. | D9: Generate alerts/ setup dashboards for investigation. | E9: High | F9: Recommended
A10: SC-05 | B10: Security Logging | C10: Preserve evidence for investigation and escalation. | D10: Store timestamp, CAN ID, ECU, data, and detection reason. | E10: Medium | F10: Implemented in Lab
A11: SC-06 | B11: TARA Reassessment Trigger | C11: Keep risk assessment current when the system or threat changes. | D11: Update TARA after meaningful findings or design changes. | E11: Medium | F11: Implemented in Lab
